                  epoch,             train/loss,  metrics/accuracy_top1,  metrics/accuracy_top5,               val/loss,                 lr/pg0,                 lr/pg1,                 lr/pg2
                      1,                0.85837,                0.90731,                0.99765,                  1.278,              0.0033322,              0.0033322,              0.0033322
                      2,                 0.4568,                0.95111,                0.99922,                 1.2229,              0.0065995,              0.0065995,              0.0065995
                      3,                0.36132,                0.93547,                0.99804,                  1.237,              0.0098009,              0.0098009,              0.0098009
                      4,                0.36007,                0.92491,                0.99804,                 1.2466,               0.009703,               0.009703,               0.009703
                      5,                0.30699,                0.92296,                0.99844,                 1.2467,               0.009604,               0.009604,               0.009604
                      6,                0.28756,                0.94525,                0.99844,                 1.2257,               0.009505,               0.009505,               0.009505
                      7,                0.27903,                0.92961,                0.99804,                 1.2412,               0.009406,               0.009406,               0.009406
